{
    "BERTScore": {
        "Precision": {
            "mean": 0.8919516801834106,
            "std": 0.018596073612570763
        },
        "Recall": {
            "mean": 0.8749393224716187,
            "std": 0.020882774144411087
        },
        "F1": {
            "mean": 0.8833057284355164,
            "std": 0.018487516790628433
        }
    },
    "Category": {
        "Accuracy": 0.34057971014492755,
        "F1_weighted": 0.35819840437708295
    }
}