{
    "BERTScore": {
        "Precision": {
            "mean": 0.8649100065231323,
            "std": 0.011412235908210278
        },
        "Recall": {
            "mean": 0.8414174318313599,
            "std": 0.015767954289913177
        },
        "F1": {
            "mean": 0.8529293537139893,
            "std": 0.011409967206418514
        }
    },
    "Category": {
        "Accuracy": 0.06415094339622641,
        "F1_weighted": 0.05538378689613858
    }
}