{
    "BERTScore": {
        "Precision": {
            "mean": 0.8923359513282776,
            "std": 0.019109705463051796
        },
        "Recall": {
            "mean": 0.8748803734779358,
            "std": 0.02185131423175335
        },
        "F1": {
            "mean": 0.883452832698822,
            "std": 0.019034655764698982
        }
    },
    "Category": {
        "Accuracy": 0.3284671532846715,
        "F1_weighted": 0.35089332722482713
    }
}