{
    "BERTScore": {
        "Precision": {
            "mean": 0.874294102191925,
            "std": 0.012327192351222038
        },
        "Recall": {
            "mean": 0.8489564657211304,
            "std": 0.011228006333112717
        },
        "F1": {
            "mean": 0.8613394498825073,
            "std": 0.005033146124333143
        }
    },
    "Category": {
        "Accuracy": 0.0,
        "F1_weighted": 0.0
    }
}