{
    "BERTScore": {
        "Precision": {
            "mean": 0.892924427986145,
            "std": 0.018956666812300682
        },
        "Recall": {
            "mean": 0.8767861127853394,
            "std": 0.021545784547924995
        },
        "F1": {
            "mean": 0.8847170472145081,
            "std": 0.018896063789725304
        }
    },
    "Category": {
        "Accuracy": 0.34306569343065696,
        "F1_weighted": 0.347979407466673
    }
}