{
    "BERTScore": {
        "Precision": {
            "mean": 0.8777655363082886,
            "std": 0.013142989948391914
        },
        "Recall": {
            "mean": 0.8587378263473511,
            "std": 0.005993762519210577
        },
        "F1": {
            "mean": 0.8681155443191528,
            "std": 0.008028608746826649
        }
    },
    "Category": {
        "Accuracy": 0.0,
        "F1_weighted": 0.0
    }
}