{
    "BERTScore": {
        "Precision": {
            "mean": 0.8888719081878662,
            "std": 0.019464725628495216
        },
        "Recall": {
            "mean": 0.8716595768928528,
            "std": 0.02252037078142166
        },
        "F1": {
            "mean": 0.8801166415214539,
            "std": 0.019703486934304237
        }
    },
    "Category": {
        "Accuracy": 0.32727272727272727,
        "F1_weighted": 0.3317955364880406
    }
}